{
  "timestamp": "20250530_003758",
  "experiment_data": {
    "timestamp": "20250530_003758",
    "experiment_name": "resnet_domain_experiment",
    "dataset_name": "ColoredMNIST",
    "test_env": 0,
    "input_shape": "(2, 28, 28)",
    "num_classes": 2,
    "num_environments": 3,
    "model_architecture": "RESNET18",
    "total_parameters": 11174402,
    "trainable_parameters": 11174402,
    "pretrained": true,
    "dropout_rate": 0.0,
    "epochs": 100,
    "batch_size": 128,
    "learning_rate": 0.1,
    "weight_decay": 0.0001,
    "final_train_acc": 0.8518407405820083,
    "final_test_acc": 0.7087940344561584,
    "best_test_acc": 0.8450758549755721,
    "final_train_loss": 0.3365869459802987,
    "final_test_loss": 0.6283788426977689,
    "total_training_time": 1483.1494963169098,
    "avg_epoch_time": 14.831494963169098,
    "device": "auto"
  },
  "config": {
    "dataset": {
      "name": "ColoredMNIST",
      "data_dir": "./DomainBed/domainbed/data/",
      "test_env": 0
    },
    "model": {
      "type": "resnet18",
      "pretrained": true,
      "input_channels": null,
      "dropout_rate": 0.0
    },
    "training": {
      "epochs": 100,
      "batch_size": 128,
      "learning_rate": 0.1,
      "optimizer_type": "SGD",
      "momentum": 0.9,
      "weight_decay": 0.0001,
      "step_size": 30,
      "gamma": 0.1
    },
    "experiment": {
      "name": "resnet_domain_experiment",
      "device": "auto",
      "num_workers": 4,
      "pin_memory": true,
      "seed": 42
    },
    "output": {
      "save_model": true,
      "model_path": "./models/",
      "results_path": "results/comparison_20250530_001312/resnet18_ColoredMNIST_env0",
      "log_path": "./logs/",
      "plot_results": true
    },
    "batch_experiments": {
      "enabled": true,
      "datasets": [
        "ColoredMNIST"
      ],
      "test_envs": [
        0,
        1
      ],
      "learning_rates": [
        0.0001,
        0.0005
      ],
      "batch_sizes": [
        16,
        32
      ]
    }
  },
  "train_history": {
    "loss": [
      2.01246247216652,
      0.7741061147770595,
      0.6997624153647918,
      0.6953465427205863,
      0.6934021144616799,
      0.6940870392517965,
      0.6929936549051212,
      0.6924836365251593,
      0.6926961256180956,
      0.6926092855591591,
      0.6915050285761474,
      0.6907552964374667,
      0.6883126485868881,
      0.6857830750974802,
      0.679500531547708,
      0.6653001992428889,
      0.6489268292169101,
      0.6329446016439323,
      0.6137546134776757,
      0.5889285363949062,
      0.522119467416422,
      0.463044992357981,
      0.4343182196219762,
      0.4184452681267848,
      0.40172241717739837,
      0.41573131516005823,
      0.3955972023267564,
      0.38933719307835635,
      0.40095032600920055,
      0.39397095314791947,
      0.3643954888881881,
      0.36281839607517574,
      0.3582620218477614,
      0.35792109826223445,
      0.36084588950937563,
      0.35603391354689834,
      0.3622107033928235,
      0.3590538203716278,
      0.35411765841675585,
      0.35465179815318415,
      0.3566324576898351,
      0.3528972989548751,
      0.3529994316358384,
      0.3514016869126773,
      0.35176953392439203,
      0.35494498945161945,
      0.35149744279234785,
      0.35807257088644256,
      0.3492548488121215,
      0.35281148214972086,
      0.35195473854333326,
      0.34904486681919933,
      0.3495676815509796,
      0.3508070946309736,
      0.3471214416248551,
      0.34682036024299473,
      0.35148981421208775,
      0.349763304402268,
      0.3509367628257131,
      0.34522051539251714,
      0.3452030652777745,
      0.34299909022173597,
      0.34267980414010135,
      0.3436880954464928,
      0.3394832407923344,
      0.34114883730157475,
      0.3418573019771628,
      0.34222010462010494,
      0.34099336428557586,
      0.3391911724144644,
      0.34061905709120743,
      0.34033466338134205,
      0.34013812264295223,
      0.33949519009863743,
      0.3397700937637866,
      0.34032017933052094,
      0.33788433548856955,
      0.33782053547478763,
      0.3410972452880255,
      0.3422069250723052,
      0.3389543789169176,
      0.33864607820745374,
      0.33863067521097884,
      0.336965637332429,
      0.3376524609620454,
      0.3384492181526507,
      0.3392870928176114,
      0.33661414055876393,
      0.34014477584857106,
      0.33495783826203945,
      0.3341755039297818,
      0.3380515225679497,
      0.3374766805540017,
      0.3354414821159644,
      0.3349812810456818,
      0.3347448824696202,
      0.3356380471196331,
      0.3364261352950758,
      0.334743003986898,
      0.3365869459802987
    ],
    "accuracy": [
      0.508271546736382,
      0.5129001842883469,
      0.5079929713281618,
      0.5073286761239446,
      0.5103072901041443,
      0.5132216174516779,
      0.5075429648994986,
      0.5159645137787683,
      0.5063429477563965,
      0.5087001242874898,
      0.5203360048000686,
      0.517035957656538,
      0.5347147816397377,
      0.5701581451163588,
      0.5764796639951999,
      0.5994085629794711,
      0.6317018814554494,
      0.6529807568679552,
      0.6774525350362148,
      0.7011743024900355,
      0.7520250289289847,
      0.7932756182231174,
      0.8085329790425577,
      0.8215831654737925,
      0.8271546736381948,
      0.8164830926156088,
      0.8263618051686452,
      0.8323190331290446,
      0.8253546479235417,
      0.8263189474135345,
      0.842519178845412,
      0.8429263275189646,
      0.8458192259889427,
      0.845562079458278,
      0.8437191959885141,
      0.8456906527236103,
      0.8436763382334034,
      0.8437406248660695,
      0.8463763768053829,
      0.8451977885398363,
      0.8447692109887284,
      0.8464620923156045,
      0.8463978056829383,
      0.8465692367033815,
      0.8463763768053829,
      0.8453049329276132,
      0.8463763768053829,
      0.8443406334376206,
      0.8475978228260403,
      0.84648352119316,
      0.8450263575193931,
      0.8481121158873698,
      0.8474906784382634,
      0.8454977928256118,
      0.8477263960913727,
      0.8479835426220375,
      0.8444477778253975,
      0.8463978056829383,
      0.8451120730296147,
      0.8481549736424806,
      0.8477478249689281,
      0.8487549822140317,
      0.8490335576222517,
      0.8492907041529165,
      0.850512150173574,
      0.850083572622466,
      0.8491835597651395,
      0.8486906955813655,
      0.8499121416020229,
      0.8503407191531308,
      0.8498692838469121,
      0.8487335533364763,
      0.8495478506835812,
      0.8498264260918013,
      0.8504478635409077,
      0.8507692967042386,
      0.8508335833369048,
      0.8517978828268975,
      0.8502121458877984,
      0.8496121373162474,
      0.8508335833369048,
      0.85029786139802,
      0.8505978656837955,
      0.8510478721124588,
      0.8509835854797926,
      0.8502764325204646,
      0.8495264218060258,
      0.8507050100715724,
      0.8507050100715724,
      0.8525478935413363,
      0.8526121801740025,
      0.8519693138473406,
      0.8512407320104572,
      0.8527407534393349,
      0.8517978828268975,
      0.8526550379291132,
      0.8516907384391206,
      0.8516693095615652,
      0.8519264560922298,
      0.8518407405820083
    ]
  },