{
  "resnet34": {
    "avg_test_accuracy": 0.3735562456754929,
    "std_test_accuracy": 0.07723456014915625,
    "avg_training_time": 7251.918213685353,
    "total_parameters": 21282562,
    "architecture": "RESNET34",
    "best_test_accuracy": 0.4363589611725379,
    "worst_test_accuracy": 0.28731839026271805,
    "avg_train_accuracy": 0.9655787967838115,
    "std_train_accuracy": 0.057131724369740886,
    "best_train_accuracy": 0.9999785715816316,
    "worst_train_accuracy": 0.899629288362226,
    "experiments_count": 3
  },
  "selfattentionresnet34": {
    "avg_test_accuracy": 0.5032142018392448,
    "std_test_accuracy": 0.007111224636397982,
    "avg_training_time": 7828.884414990743,
    "total_parameters": 22068086,
    "architecture": "Self-Attention ResNet34",
    "best_test_accuracy": 0.5090854547012943,
    "worst_test_accuracy": 0.4953070758153688,
    "avg_train_accuracy": 0.4942357857652285,
    "std_train_accuracy": 0.008802692324957133,
    "best_train_accuracy": 0.504242917755968,
    "worst_train_accuracy": 0.4876893736473311,
    "experiments_count": 3
  },
  "comparison": {
    "accuracy_difference": 0.12965795616375192,
    "time_difference": 576.9662013053894,
    "parameter_difference": 785524,
    "better_model_accuracy": "selfattentionresnet34",
    "faster_model": "resnet34"
  }
}