{
  "timestamp": "20250528_234654",
  "experiment_data": {
    "timestamp": "20250528_234654",
    "experiment_name": "resnet18_domain_experiment",
    "dataset_name": "ColoredMNIST",
    "test_env": 0,
    "input_shape": "(2, 28, 28)",
    "num_classes": 2,
    "num_environments": 3,
    "model_architecture": "ResNet-18",
    "total_parameters": 11169282,
    "trainable_parameters": 11169282,
    "pretrained": false,
    "dropout_rate": 0.1,
    "epochs": 3,
    "batch_size": 32,
    "learning_rate": 0.001,
    "weight_decay": 0.0001,
    "final_train_acc": 0.7240817725967513,
    "final_test_acc": 0.7336076112111083,
    "best_test_acc": 0.7336076112111083,
    "final_train_loss": 0.587125597424703,
    "final_test_loss": 0.5842882844274991,
    "total_training_time": 173.16575932502747,
    "avg_epoch_time": 57.721919775009155,
    "device": "cuda"
  },
  "config": {
    "dataset": {
      "name": "ColoredMNIST",
      "data_dir": "./DomainBed/domainbed/data/",
      "test_env": 0
    },
    "model": {
      "type": "resnet18",
      "pretrained": false,
      "dropout_rate": 0.1,
      "input_channels": null,
      "input_size": null
    },
    "training": {
      "epochs": 3,
      "batch_size": 32,
      "learning_rate": 0.001,
      "weight_decay": 0.0001,
      "step_size": 30,
      "gamma": 0.1
    },
    "experiment": {
      "name": "resnet18_domain_experiment",
      "device": "cuda",
      "num_workers": 4,
      "pin_memory": true,
      "seed": 42
    },
    "output": {
      "save_model": true,
      "model_path": "./models/",
      "results_path": "./results/",
      "log_path": "./logs/",
      "plot_results": true
    },
    "batch_experiments": {
      "enabled": true,
      "datasets": [
        "ColoredMNIST"
      ],
      "test_envs": [
        0,
        1
      ],
      "learning_rates": [
        0.0001,
        0.0005
      ],
      "batch_sizes": [
        16,
        32
      ]
    }
  },
  "train_history": {
    "loss": [
      0.6468563755081125,
      0.5959737145329175,
      0.587125597424703
    ],
    "accuracy": [
      0.6374662495178502,
      0.7169245274932499,
      0.7240817725967513
    ]
  },
  "test_history": {
    "loss": [
      0.750600722228011,
      0.595291590772263,
      0.5842882844274991
    ],
    "accuracy": [
      0.5784691865946687,
      0.7242221650809977,
      0.7336076112111083
    ],
    "test_env_0_accuracy": [
      0.5784691865946687,
      0.7242221650809977,
      0.7336076112111083
    ]
  }
}